<keymap version="1" name="Default copy" parent="Mac OS X 10.5+">
  <action id="CloseAllEditors">
    <keyboard-shortcut first-keystroke="shift meta e" />
  </action>
  <action id="CloseProject">
    <keyboard-shortcut first-keystroke="shift meta w" />
  </action>
  <action id="CommentByLineComment">
    <keyboard-shortcut first-keystroke="ctrl meta 7" />
  </action>
  <action id="Console.TableResult.CompareCells" />
  <action id="Diff.ShowSettingsPopup" />
  <action id="Macro.Autoformat on save">
    <keyboard-shortcut first-keystroke="meta s" />
  </action>
  <action id="RecentLocations" />
  <action id="Refactorings.QuickListPopupAction" />
  <action id="RenameElement">
    <keyboard-shortcut first-keystroke="shift f6" />
    <keyboard-shortcut first-keystroke="ctrl r" />
  </action>
  <action id="Run" />
  <action id="SaveAll" />
  <action id="SplitHorizontally">
    <keyboard-shortcut first-keystroke="ctrl t" second-keystroke="down" />
  </action>
  <action id="SplitVertically">
    <keyboard-shortcut first-keystroke="ctrl t" second-keystroke="right" />
  </action>
  <action id="Uml.ShowDiff" />
  <action id="osmedile.intellij.stringmanip.DuplicateAndIncrementAction">
    <keyboard-shortcut first-keystroke="shift meta d" />
  </action>
</keymap>