<application>
  <component name="FileTypeManager" version="17">
    <extensionMap>
      <mapping pattern="apple-app-site-association" type="JSON" />
      <mapping pattern="load-css" type="JavaScript" />
      <mapping ext="template" type="JavaScript" />
      <mapping pattern="HourlyChannelCheckInCountAdmin" type="PHP" />
      <mapping pattern="AllowedEMailAddressSubscriber" type="PHP" />
      <mapping pattern=".antigen-theme-romkatv-powerlevel10k.zsh" type="PLAIN_TEXT" />
      <mapping pattern=".htpasswd" type="PLAIN_TEXT" />
      <mapping pattern=".gitkeep" type="PLAIN_TEXT" />
      <mapping pattern="SocialMediaLinks" type="PLAIN_TEXT" />
      <mapping pattern=".antigen-theme-alien.zsh" type="PLAIN_TEXT" />
      <mapping pattern="autostart" type="PLAIN_TEXT" />
      <mapping pattern="Podfile" type="PLAIN_TEXT" />
      <mapping pattern=".env.test" type="PLAIN_TEXT" />
      <mapping pattern="motd" type="PLAIN_TEXT" />
      <mapping pattern=".antigen-configure.zsh" type="PLAIN_TEXT" />
      <mapping pattern=".antigen-theme-spaceship-promp.zsh" type="PLAIN_TEXT" />
      <mapping pattern="hosts" type="PLAIN_TEXT" />
      <mapping pattern="raumfeld applescripts" type="PLAIN_TEXT" />
      <mapping pattern="mode_techno" type="PLAIN_TEXT" />
      <mapping ext="crt" type="PLAIN_TEXT" />
      <mapping ext="things" type="PLAIN_TEXT" />
      <mapping ext="script" type="PLAIN_TEXT" />
      <mapping ext="properties" type="PLAIN_TEXT" />
      <mapping ext="items" type="PLAIN_TEXT" />
      <mapping ext="gradle" type="PLAIN_TEXT" />
      <mapping ext="lights" type="PLAIN_TEXT" />
      <mapping ext="tyt" type="PLAIN_TEXT" />
      <mapping ext="sitemap" type="PLAIN_TEXT" />
      <mapping ext="rules" type="PLAIN_TEXT" />
      <mapping ext="rule" type="PLAIN_TEXT" />
      <mapping ext="appcache" type="PLAIN_TEXT" />
      <mapping ext="gradle2" type="PLAIN_TEXT" />
      <mapping ext="config" type="PLAIN_TEXT" />
      <mapping ext="plist" type="XML" />
      <mapping ext="xlf" type="XML" />
      <mapping ext="pllist" type="XML" />
    </extensionMap>
  </component>
</application>