<application>
  <component name="ProjectManager">
    <defaultProject>
      <component name="ProjectDictionaryState">
        <dictionary name="thomaskekeisen" />
      </component>
      <component name="PropertiesComponent">
        <property name="nodejs_interpreter_path.stuck_in_default_project" value="undefined stuck path" />
        <property name="nodejs_npm_path_reset_for_default_project" value="true" />
        <property name="settings.editor.selected.configurable" value="configurable.group.editor" />
      </component>
      <component name="RunDashboard">
        <option name="ruleStates">
          <list>
            <RuleState>
              <option name="name" value="ConfigurationTypeDashboardGroupingRule" />
            </RuleState>
            <RuleState>
              <option name="name" value="StatusDashboardGroupingRule" />
            </RuleState>
          </list>
        </option>
      </component>
      <component name="SpellCheckerSettings" BundledDictionaries="0" Folders="0" CustomDictionaries="0" Dictionaries="0" CorrectionsLimit="5" DefaultDictionary="application-level" UseSingleDictionary="true" />
    </defaultProject>
  </component>
</application>