<application>
  <component name="TextMateSettings">
    <option name="bundles">
      <list>
        <BundleConfigBean>
          <option name="name" value="Ruby" />
          <option name="path" value="$USER_HOME$/Downloads/ruby.tmbundle-master" />
        </BundleConfigBean>
      </list>
    </option>
    <option name="themesMapping">
      <map>
        <entry key="All hallow's eve" value="Darcula" />
        <entry key="Blackboard" value="Darcula" />
        <entry key="Cobalt" value="Darcula" />
        <entry key="Darcula" value="Darcula" />
        <entry key="Default" value="Darcula" />
        <entry key="Lulububu" value="Darcula" />
        <entry key="Monokai" value="Darcula" />
        <entry key="Railscasts" value="Darcula" />
        <entry key="Solarized Dark" value="Darcula" />
        <entry key="Solarized Light" value="Darcula" />
        <entry key="Twilight" value="Darcula" />
        <entry key="VibrantInk" value="Darcula" />
        <entry key="WarmNeon" value="Darcula" />
      </map>
    </option>
  </component>
</application>